date,region,region_code,ias_syndrome_grippal
2023-10-23,Île-de-France,11,0.71
2023-10-30,Île-de-France,11,0.81
2023-11-06,Île-de-France,11,0.73
2023-11-13,Île-de-France,11,0.77
2023-11-20,Île-de-France,11,0.68
2023-11-27,Île-de-France,11,0.86
2023-12-04,Île-de-France,11,0.72
2023-12-11,Île-de-France,11,0.78
2023-12-18,Île-de-France,11,0.88
2023-12-25,Île-de-France,11,0.8
2024-01-01,Île-de-France,11,0.73
2024-01-08,Île-de-France,11,0.8
2024-01-15,Île-de-France,11,0.69
2024-01-22,Île-de-France,11,0.83
2024-01-29,Île-de-France,11,0.89
2024-02-05,Île-de-France,11,0.6
2024-02-12,Île-de-France,11,0.79
2024-02-19,Île-de-France,11,0.71
2024-02-26,Île-de-France,11,0.76
2024-03-04,Île-de-France,11,0.79
2024-03-11,Île-de-France,11,0.61
2024-03-18,Île-de-France,11,0.56
2024-03-25,Île-de-France,11,0.53
2024-04-01,Île-de-France,11,0.35
2024-04-08,Île-de-France,11,0.52
2024-04-15,Île-de-France,11,0.48
2024-04-22,Île-de-France,11,0.32
2024-04-29,Île-de-France,11,0.44
2024-05-06,Île-de-France,11,0.35
2024-05-13,Île-de-France,11,0.3
2024-05-20,Île-de-France,11,0.33
2024-05-27,Île-de-France,11,0.32
2024-06-03,Île-de-France,11,0.2
2024-06-10,Île-de-France,11,0.22
2024-06-17,Île-de-France,11,0.15
2024-06-24,Île-de-France,11,0.16
2024-07-01,Île-de-France,11,0.1
2024-07-08,Île-de-France,11,0.21
2024-07-15,Île-de-France,11,0.2
2024-07-22,Île-de-France,11,0.07
2024-07-29,Île-de-France,11,0.34
2024-08-05,Île-de-France,11,0.14
2024-08-12,Île-de-France,11,0.37
2024-08-19,Île-de-France,11,0.29
2024-08-26,Île-de-France,11,0.39
2024-09-02,Île-de-France,11,0.26
2024-09-09,Île-de-France,11,0.32
2024-09-16,Île-de-France,11,0.51
2024-09-23,Île-de-France,11,0.45
2024-09-30,Île-de-France,11,0.57
2024-10-07,Île-de-France,11,0.59
2024-10-14,Île-de-France,11,0.53
2024-10-21,Île-de-France,11,0.74
2024-10-28,Île-de-France,11,0.82
2024-11-04,Île-de-France,11,0.64
2024-11-11,Île-de-France,11,0.62
2024-11-18,Île-de-France,11,0.63
2024-11-25,Île-de-France,11,0.9
2024-12-02,Île-de-France,11,0.8
2024-12-09,Île-de-France,11,0.9
2024-12-16,Île-de-France,11,0.96
2024-12-23,Île-de-France,11,0.78
2024-12-30,Île-de-France,11,0.77
2025-01-06,Île-de-France,11,0.81
2025-01-13,Île-de-France,11,0.78
2025-01-20,Île-de-France,11,0.77
2025-01-27,Île-de-France,11,0.64
2025-02-03,Île-de-France,11,0.63
2025-02-10,Île-de-France,11,0.75
2025-02-17,Île-de-France,11,0.64
2025-02-24,Île-de-France,11,0.73
2025-03-03,Île-de-France,11,0.72
2025-03-10,Île-de-France,11,0.67
2025-03-17,Île-de-France,11,0.51
2025-03-24,Île-de-France,11,0.39
2025-03-31,Île-de-France,11,0.81
2025-04-07,Île-de-France,11,0.34
2025-04-14,Île-de-France,11,0.34
2025-04-21,Île-de-France,11,0.5
2025-04-28,Île-de-France,11,0.53
2025-05-05,Île-de-France,11,0.31
2025-05-12,Île-de-France,11,0.32
2025-05-19,Île-de-France,11,0.32
2025-05-26,Île-de-France,11,0.3
2025-06-02,Île-de-France,11,0.33
2025-06-09,Île-de-France,11,0.21
2025-06-16,Île-de-France,11,0.22
2025-06-23,Île-de-France,11,0.14
2025-06-30,Île-de-France,11,0.2
2025-07-07,Île-de-France,11,0.35
2025-07-14,Île-de-France,11,0.24
2025-07-21,Île-de-France,11,0.22
2025-07-28,Île-de-France,11,0.17
2025-08-04,Île-de-France,11,0.12
2025-08-11,Île-de-France,11,0.07
2025-08-18,Île-de-France,11,0.23
2025-08-25,Île-de-France,11,0.32
2025-09-01,Île-de-France,11,0.42
2025-09-08,Île-de-France,11,0.24
2025-09-15,Île-de-France,11,0.45
2025-09-22,Île-de-France,11,0.61
2025-09-29,Île-de-France,11,0.52
2025-10-06,Île-de-France,11,0.5
2025-10-13,Île-de-France,11,0.49
2025-10-20,Île-de-France,11,0.5
2023-10-23,Auvergne-Rhône-Alpes,84,0.47
2023-10-30,Auvergne-Rhône-Alpes,84,0.69
2023-11-06,Auvergne-Rhône-Alpes,84,0.68
2023-11-13,Auvergne-Rhône-Alpes,84,0.78
2023-11-20,Auvergne-Rhône-Alpes,84,0.68
2023-11-27,Auvergne-Rhône-Alpes,84,0.8
2023-12-04,Auvergne-Rhône-Alpes,84,0.75
2023-12-11,Auvergne-Rhône-Alpes,84,0.85
2023-12-18,Auvergne-Rhône-Alpes,84,0.88
2023-12-25,Auvergne-Rhône-Alpes,84,0.69
2024-01-01,Auvergne-Rhône-Alpes,84,1.01
2024-01-08,Auvergne-Rhône-Alpes,84,0.69
2024-01-15,Auvergne-Rhône-Alpes,84,0.84
2024-01-22,Auvergne-Rhône-Alpes,84,0.75
2024-01-29,Auvergne-Rhône-Alpes,84,0.75
2024-02-05,Auvergne-Rhône-Alpes,84,0.79
2024-02-12,Auvergne-Rhône-Alpes,84,0.72
2024-02-19,Auvergne-Rhône-Alpes,84,0.76
2024-02-26,Auvergne-Rhône-Alpes,84,0.61
2024-03-04,Auvergne-Rhône-Alpes,84,0.63
2024-03-11,Auvergne-Rhône-Alpes,84,0.63
2024-03-18,Auvergne-Rhône-Alpes,84,0.6
2024-03-25,Auvergne-Rhône-Alpes,84,0.56
2024-04-01,Auvergne-Rhône-Alpes,84,0.43
2024-04-08,Auvergne-Rhône-Alpes,84,0.46
2024-04-15,Auvergne-Rhône-Alpes,84,0.31
2024-04-22,Auvergne-Rhône-Alpes,84,0.37
2024-04-29,Auvergne-Rhône-Alpes,84,0.49
2024-05-06,Auvergne-Rhône-Alpes,84,0.24
2024-05-13,Auvergne-Rhône-Alpes,84,0.22
2024-05-20,Auvergne-Rhône-Alpes,84,0.33
2024-05-27,Auvergne-Rhône-Alpes,84,0.08
2024-06-03,Auvergne-Rhône-Alpes,84,0.1
2024-06-10,Auvergne-Rhône-Alpes,84,0.22
2024-06-17,Auvergne-Rhône-Alpes,84,0.23
2024-06-24,Auvergne-Rhône-Alpes,84,0.16
2024-07-01,Auvergne-Rhône-Alpes,84,0.08
2024-07-08,Auvergne-Rhône-Alpes,84,0.23
2024-07-15,Auvergne-Rhône-Alpes,84,0.14
2024-07-22,Auvergne-Rhône-Alpes,84,0.38
2024-07-29,Auvergne-Rhône-Alpes,84,0.2
2024-08-05,Auvergne-Rhône-Alpes,84,0.07
2024-08-12,Auvergne-Rhône-Alpes,84,0.33
2024-08-19,Auvergne-Rhône-Alpes,84,0.37
2024-08-26,Auvergne-Rhône-Alpes,84,0.32
2024-09-02,Auvergne-Rhône-Alpes,84,0.33
2024-09-09,Auvergne-Rhône-Alpes,84,0.37
2024-09-16,Auvergne-Rhône-Alpes,84,0.42
2024-09-23,Auvergne-Rhône-Alpes,84,0.45
2024-09-30,Auvergne-Rhône-Alpes,84,0.63
2024-10-07,Auvergne-Rhône-Alpes,84,0.36
2024-10-14,Auvergne-Rhône-Alpes,84,0.65
2024-10-21,Auvergne-Rhône-Alpes,84,0.56
2024-10-28,Auvergne-Rhône-Alpes,84,0.61
2024-11-04,Auvergne-Rhône-Alpes,84,0.72
2024-11-11,Auvergne-Rhône-Alpes,84,0.64
2024-11-18,Auvergne-Rhône-Alpes,84,0.72
2024-11-25,Auvergne-Rhône-Alpes,84,0.85
2024-12-02,Auvergne-Rhône-Alpes,84,0.6
2024-12-09,Auvergne-Rhône-Alpes,84,0.82
2024-12-16,Auvergne-Rhône-Alpes,84,0.8
2024-12-23,Auvergne-Rhône-Alpes,84,0.71
2024-12-30,Auvergne-Rhône-Alpes,84,0.84
2025-01-06,Auvergne-Rhône-Alpes,84,0.83
2025-01-13,Auvergne-Rhône-Alpes,84,0.7
2025-01-20,Auvergne-Rhône-Alpes,84,0.73
2025-01-27,Auvergne-Rhône-Alpes,84,0.68
2025-02-03,Auvergne-Rhône-Alpes,84,0.75
2025-02-10,Auvergne-Rhône-Alpes,84,0.83
2025-02-17,Auvergne-Rhône-Alpes,84,0.85
2025-02-24,Auvergne-Rhône-Alpes,84,0.79
2025-03-03,Auvergne-Rhône-Alpes,84,0.72
2025-03-10,Auvergne-Rhône-Alpes,84,0.6
2025-03-17,Auvergne-Rhône-Alpes,84,0.67
2025-03-24,Auvergne-Rhône-Alpes,84,0.5
2025-03-31,Auvergne-Rhône-Alpes,84,0.52
2025-04-07,Auvergne-Rhône-Alpes,84,0.48
2025-04-14,Auvergne-Rhône-Alpes,84,0.46
2025-04-21,Auvergne-Rhône-Alpes,84,0.38
2025-04-28,Auvergne-Rhône-Alpes,84,0.45
2025-05-05,Auvergne-Rhône-Alpes,84,0.29
2025-05-12,Auvergne-Rhône-Alpes,84,0.19
2025-05-19,Auvergne-Rhône-Alpes,84,0.11
2025-05-26,Auvergne-Rhône-Alpes,84,0.33
2025-06-02,Auvergne-Rhône-Alpes,84,0.28
2025-06-09,Auvergne-Rhône-Alpes,84,0.26
2025-06-16,Auvergne-Rhône-Alpes,84,0.18
2025-06-23,Auvergne-Rhône-Alpes,84,0.28
2025-06-30,Auvergne-Rhône-Alpes,84,0.32
2025-07-07,Auvergne-Rhône-Alpes,84,0.0
2025-07-14,Auvergne-Rhône-Alpes,84,0.39
2025-07-21,Auvergne-Rhône-Alpes,84,0.27
2025-07-28,Auvergne-Rhône-Alpes,84,0.28
2025-08-04,Auvergne-Rhône-Alpes,84,0.36
2025-08-11,Auvergne-Rhône-Alpes,84,0.23
2025-08-18,Auvergne-Rhône-Alpes,84,0.23
2025-08-25,Auvergne-Rhône-Alpes,84,0.4
2025-09-01,Auvergne-Rhône-Alpes,84,0.4
2025-09-08,Auvergne-Rhône-Alpes,84,0.35
2025-09-15,Auvergne-Rhône-Alpes,84,0.43
2025-09-22,Auvergne-Rhône-Alpes,84,0.48
2025-09-29,Auvergne-Rhône-Alpes,84,0.58
2025-10-06,Auvergne-Rhône-Alpes,84,0.61
2025-10-13,Auvergne-Rhône-Alpes,84,0.53
2025-10-20,Auvergne-Rhône-Alpes,84,0.84
2023-10-23,Nouvelle-Aquitaine,75,0.59
2023-10-30,Nouvelle-Aquitaine,75,0.77
2023-11-06,Nouvelle-Aquitaine,75,0.65
2023-11-13,Nouvelle-Aquitaine,75,0.59
2023-11-20,Nouvelle-Aquitaine,75,0.73
2023-11-27,Nouvelle-Aquitaine,75,0.67
2023-12-04,Nouvelle-Aquitaine,75,0.66
2023-12-11,Nouvelle-Aquitaine,75,0.83
2023-12-18,Nouvelle-Aquitaine,75,0.74
2023-12-25,Nouvelle-Aquitaine,75,0.79
2024-01-01,Nouvelle-Aquitaine,75,0.7
2024-01-08,Nouvelle-Aquitaine,75,0.61
2024-01-15,Nouvelle-Aquitaine,75,0.68
2024-01-22,Nouvelle-Aquitaine,75,0.75
2024-01-29,Nouvelle-Aquitaine,75,0.71
2024-02-05,Nouvelle-Aquitaine,75,0.7
2024-02-12,Nouvelle-Aquitaine,75,0.73
2024-02-19,Nouvelle-Aquitaine,75,0.55
2024-02-26,Nouvelle-Aquitaine,75,0.72
2024-03-04,Nouvelle-Aquitaine,75,0.45
2024-03-11,Nouvelle-Aquitaine,75,0.76
2024-03-18,Nouvelle-Aquitaine,75,0.45
2024-03-25,Nouvelle-Aquitaine,75,0.56
2024-04-01,Nouvelle-Aquitaine,75,0.38
2024-04-08,Nouvelle-Aquitaine,75,0.52
2024-04-15,Nouvelle-Aquitaine,75,0.53
2024-04-22,Nouvelle-Aquitaine,75,0.43
2024-04-29,Nouvelle-Aquitaine,75,0.44
2024-05-06,Nouvelle-Aquitaine,75,0.36
2024-05-13,Nouvelle-Aquitaine,75,0.41
2024-05-20,Nouvelle-Aquitaine,75,0.18
2024-05-27,Nouvelle-Aquitaine,75,0.24
2024-06-03,Nouvelle-Aquitaine,75,0.29
2024-06-10,Nouvelle-Aquitaine,75,0.09
2024-06-17,Nouvelle-Aquitaine,75,0.35
2024-06-24,Nouvelle-Aquitaine,75,0.28
2024-07-01,Nouvelle-Aquitaine,75,0.11
2024-07-08,Nouvelle-Aquitaine,75,0.24
2024-07-15,Nouvelle-Aquitaine,75,0.21
2024-07-22,Nouvelle-Aquitaine,75,0.01
2024-07-29,Nouvelle-Aquitaine,75,0.23
2024-08-05,Nouvelle-Aquitaine,75,0.33
2024-08-12,Nouvelle-Aquitaine,75,0.19
2024-08-19,Nouvelle-Aquitaine,75,0.3
2024-08-26,Nouvelle-Aquitaine,75,0.44
2024-09-02,Nouvelle-Aquitaine,75,0.29
2024-09-09,Nouvelle-Aquitaine,75,0.23
2024-09-16,Nouvelle-Aquitaine,75,0.36
2024-09-23,Nouvelle-Aquitaine,75,0.56
2024-09-30,Nouvelle-Aquitaine,75,0.25
2024-10-07,Nouvelle-Aquitaine,75,0.63
2024-10-14,Nouvelle-Aquitaine,75,0.69
2024-10-21,Nouvelle-Aquitaine,75,0.62
2024-10-28,Nouvelle-Aquitaine,75,0.66
2024-11-04,Nouvelle-Aquitaine,75,0.95
2024-11-11,Nouvelle-Aquitaine,75,0.69
2024-11-18,Nouvelle-Aquitaine,75,0.94
2024-11-25,Nouvelle-Aquitaine,75,0.68
2024-12-02,Nouvelle-Aquitaine,75,0.98
2024-12-09,Nouvelle-Aquitaine,75,0.86
2024-12-16,Nouvelle-Aquitaine,75,0.78
2024-12-23,Nouvelle-Aquitaine,75,0.88
2024-12-30,Nouvelle-Aquitaine,75,0.81
2025-01-06,Nouvelle-Aquitaine,75,0.79
2025-01-13,Nouvelle-Aquitaine,75,0.93
2025-01-20,Nouvelle-Aquitaine,75,0.56
2025-01-27,Nouvelle-Aquitaine,75,0.81
2025-02-03,Nouvelle-Aquitaine,75,1.02
2025-02-10,Nouvelle-Aquitaine,75,0.74
2025-02-17,Nouvelle-Aquitaine,75,0.64
2025-02-24,Nouvelle-Aquitaine,75,0.74
2025-03-03,Nouvelle-Aquitaine,75,0.55
2025-03-10,Nouvelle-Aquitaine,75,0.56
2025-03-17,Nouvelle-Aquitaine,75,0.51
2025-03-24,Nouvelle-Aquitaine,75,0.67
2025-03-31,Nouvelle-Aquitaine,75,0.44
2025-04-07,Nouvelle-Aquitaine,75,0.35
2025-04-14,Nouvelle-Aquitaine,75,0.36
2025-04-21,Nouvelle-Aquitaine,75,0.45
2025-04-28,Nouvelle-Aquitaine,75,0.39
2025-05-05,Nouvelle-Aquitaine,75,0.56
2025-05-12,Nouvelle-Aquitaine,75,0.26
2025-05-19,Nouvelle-Aquitaine,75,0.11
2025-05-26,Nouvelle-Aquitaine,75,0.15
2025-06-02,Nouvelle-Aquitaine,75,0.14
2025-06-09,Nouvelle-Aquitaine,75,0.26
2025-06-16,Nouvelle-Aquitaine,75,0.16
2025-06-23,Nouvelle-Aquitaine,75,0.16
2025-06-30,Nouvelle-Aquitaine,75,0.17
2025-07-07,Nouvelle-Aquitaine,75,0.16
2025-07-14,Nouvelle-Aquitaine,75,0.25
2025-07-21,Nouvelle-Aquitaine,75,0.14
2025-07-28,Nouvelle-Aquitaine,75,0.23
2025-08-04,Nouvelle-Aquitaine,75,0.22
2025-08-11,Nouvelle-Aquitaine,75,0.39
2025-08-18,Nouvelle-Aquitaine,75,0.23
2025-08-25,Nouvelle-Aquitaine,75,0.35
2025-09-01,Nouvelle-Aquitaine,75,0.37
2025-09-08,Nouvelle-Aquitaine,75,0.43
2025-09-15,Nouvelle-Aquitaine,75,0.5
2025-09-22,Nouvelle-Aquitaine,75,0.33
2025-09-29,Nouvelle-Aquitaine,75,0.55
2025-10-06,Nouvelle-Aquitaine,75,0.56
2025-10-13,Nouvelle-Aquitaine,75,0.75
2025-10-20,Nouvelle-Aquitaine,75,0.79
2023-10-23,Occitanie,76,0.42
2023-10-30,Occitanie,76,0.75
2023-11-06,Occitanie,76,0.86
2023-11-13,Occitanie,76,0.79
2023-11-20,Occitanie,76,0.65
2023-11-27,Occitanie,76,0.67
2023-12-04,Occitanie,76,0.92
2023-12-11,Occitanie,76,0.71
2023-12-18,Occitanie,76,0.64
2023-12-25,Occitanie,76,0.93
2024-01-01,Occitanie,76,0.66
2024-01-08,Occitanie,76,0.71
2024-01-15,Occitanie,76,0.74
2024-01-22,Occitanie,76,0.88
2024-01-29,Occitanie,76,0.64
2024-02-05,Occitanie,76,0.7
2024-02-12,Occitanie,76,0.58
2024-02-19,Occitanie,76,0.85
2024-02-26,Occitanie,76,0.83
2024-03-04,Occitanie,76,0.64
2024-03-11,Occitanie,76,0.52
2024-03-18,Occitanie,76,0.59
2024-03-25,Occitanie,76,0.33
2024-04-01,Occitanie,76,0.5
2024-04-08,Occitanie,76,0.51
2024-04-15,Occitanie,76,0.34
2024-04-22,Occitanie,76,0.3
2024-04-29,Occitanie,76,0.32
2024-05-06,Occitanie,76,0.33
2024-05-13,Occitanie,76,0.22
2024-05-20,Occitanie,76,0.1
2024-05-27,Occitanie,76,0.33
2024-06-03,Occitanie,76,0.23
2024-06-10,Occitanie,76,0.17
2024-06-17,Occitanie,76,0.29
2024-06-24,Occitanie,76,0.1
2024-07-01,Occitanie,76,0.16
2024-07-08,Occitanie,76,0.06
2024-07-15,Occitanie,76,0.29
2024-07-22,Occitanie,76,0.13
2024-07-29,Occitanie,76,0.3
2024-08-05,Occitanie,76,0.4
2024-08-12,Occitanie,76,0.36
2024-08-19,Occitanie,76,0.21
2024-08-26,Occitanie,76,0.0
2024-09-02,Occitanie,76,0.26
2024-09-09,Occitanie,76,0.41
2024-09-16,Occitanie,76,0.46
2024-09-23,Occitanie,76,0.43
2024-09-30,Occitanie,76,0.58
2024-10-07,Occitanie,76,0.47
2024-10-14,Occitanie,76,0.39
2024-10-21,Occitanie,76,0.67
2024-10-28,Occitanie,76,0.75
2024-11-04,Occitanie,76,0.68
2024-11-11,Occitanie,76,0.79
2024-11-18,Occitanie,76,0.8
2024-11-25,Occitanie,76,0.76
2024-12-02,Occitanie,76,0.96
2024-12-09,Occitanie,76,0.89
2024-12-16,Occitanie,76,0.89
2024-12-23,Occitanie,76,0.74
2024-12-30,Occitanie,76,0.82
2025-01-06,Occitanie,76,0.71
2025-01-13,Occitanie,76,0.71
2025-01-20,Occitanie,76,0.83
2025-01-27,Occitanie,76,0.79
2025-02-03,Occitanie,76,0.88
2025-02-10,Occitanie,76,0.75
2025-02-17,Occitanie,76,0.71
2025-02-24,Occitanie,76,0.71
2025-03-03,Occitanie,76,0.64
2025-03-10,Occitanie,76,0.58
2025-03-17,Occitanie,76,0.51
2025-03-24,Occitanie,76,0.62
2025-03-31,Occitanie,76,0.46
2025-04-07,Occitanie,76,0.58
2025-04-14,Occitanie,76,0.47
2025-04-21,Occitanie,76,0.46
2025-04-28,Occitanie,76,0.36
2025-05-05,Occitanie,76,0.11
2025-05-12,Occitanie,76,0.25
2025-05-19,Occitanie,76,0.34
2025-05-26,Occitanie,76,0.37
2025-06-02,Occitanie,76,0.31
2025-06-09,Occitanie,76,0.22
2025-06-16,Occitanie,76,0.17
2025-06-23,Occitanie,76,0.31
2025-06-30,Occitanie,76,0.38
2025-07-07,Occitanie,76,0.04
2025-07-14,Occitanie,76,0.04
2025-07-21,Occitanie,76,0.17
2025-07-28,Occitanie,76,0.3
2025-08-04,Occitanie,76,0.23
2025-08-11,Occitanie,76,0.23
2025-08-18,Occitanie,76,0.35
2025-08-25,Occitanie,76,0.31
2025-09-01,Occitanie,76,0.41
2025-09-08,Occitanie,76,0.45
2025-09-15,Occitanie,76,0.43
2025-09-22,Occitanie,76,0.69
2025-09-29,Occitanie,76,0.48
2025-10-06,Occitanie,76,0.51
2025-10-13,Occitanie,76,0.62
2025-10-20,Occitanie,76,0.57
2023-10-23,Hauts-de-France,32,0.64
2023-10-30,Hauts-de-France,32,0.73
2023-11-06,Hauts-de-France,32,0.67
2023-11-13,Hauts-de-France,32,0.63
2023-11-20,Hauts-de-France,32,0.79
2023-11-27,Hauts-de-France,32,0.83
2023-12-04,Hauts-de-France,32,0.87
2023-12-11,Hauts-de-France,32,1.0
2023-12-18,Hauts-de-France,32,0.8
2023-12-25,Hauts-de-France,32,0.83
2024-01-01,Hauts-de-France,32,0.7
2024-01-08,Hauts-de-France,32,0.78
2024-01-15,Hauts-de-France,32,0.85
2024-01-22,Hauts-de-France,32,0.82
2024-01-29,Hauts-de-France,32,0.94
2024-02-05,Hauts-de-France,32,0.77
2024-02-12,Hauts-de-France,32,0.71
2024-02-19,Hauts-de-France,32,0.72
2024-02-26,Hauts-de-France,32,0.85
2024-03-04,Hauts-de-France,32,0.62
2024-03-11,Hauts-de-France,32,0.56
2024-03-18,Hauts-de-France,32,0.42
2024-03-25,Hauts-de-France,32,0.37
2024-04-01,Hauts-de-France,32,0.34
2024-04-08,Hauts-de-France,32,0.52
2024-04-15,Hauts-de-France,32,0.41
2024-04-22,Hauts-de-France,32,0.44
2024-04-29,Hauts-de-France,32,0.38
2024-05-06,Hauts-de-France,32,0.44
2024-05-13,Hauts-de-France,32,0.37
2024-05-20,Hauts-de-France,32,0.3
2024-05-27,Hauts-de-France,32,0.34
2024-06-03,Hauts-de-France,32,0.37
2024-06-10,Hauts-de-France,32,0.11
2024-06-17,Hauts-de-France,32,0.39
2024-06-24,Hauts-de-France,32,0.35
2024-07-01,Hauts-de-France,32,0.07
2024-07-08,Hauts-de-France,32,0.27
2024-07-15,Hauts-de-France,32,0.03
2024-07-22,Hauts-de-France,32,0.33
2024-07-29,Hauts-de-France,32,0.21
2024-08-05,Hauts-de-France,32,0.19
2024-08-12,Hauts-de-France,32,0.28
2024-08-19,Hauts-de-France,32,0.46
2024-08-26,Hauts-de-France,32,0.36
2024-09-02,Hauts-de-France,32,0.48
2024-09-09,Hauts-de-France,32,0.2
2024-09-16,Hauts-de-France,32,0.37
2024-09-23,Hauts-de-France,32,0.65
2024-09-30,Hauts-de-France,32,0.55
2024-10-07,Hauts-de-France,32,0.46
2024-10-14,Hauts-de-France,32,0.48
2024-10-21,Hauts-de-France,32,0.69
2024-10-28,Hauts-de-France,32,0.6
2024-11-04,Hauts-de-France,32,0.82
2024-11-11,Hauts-de-France,32,0.6
2024-11-18,Hauts-de-France,32,0.8
2024-11-25,Hauts-de-France,32,0.52
2024-12-02,Hauts-de-France,32,0.74
2024-12-09,Hauts-de-France,32,0.81
2024-12-16,Hauts-de-France,32,0.97
2024-12-23,Hauts-de-France,32,0.7
2024-12-30,Hauts-de-France,32,0.77
2025-01-06,Hauts-de-France,32,0.87
2025-01-13,Hauts-de-France,32,0.73
2025-01-20,Hauts-de-France,32,0.77
2025-01-27,Hauts-de-France,32,0.75
2025-02-03,Hauts-de-France,32,0.59
2025-02-10,Hauts-de-France,32,0.77
2025-02-17,Hauts-de-France,32,0.78
2025-02-24,Hauts-de-France,32,0.73
2025-03-03,Hauts-de-France,32,0.46
2025-03-10,Hauts-de-France,32,0.56
2025-03-17,Hauts-de-France,32,0.42
2025-03-24,Hauts-de-France,32,0.45
2025-03-31,Hauts-de-France,32,0.44
2025-04-07,Hauts-de-France,32,0.39
2025-04-14,Hauts-de-France,32,0.46
2025-04-21,Hauts-de-France,32,0.43
2025-04-28,Hauts-de-France,32,0.33
2025-05-05,Hauts-de-France,32,0.33
2025-05-12,Hauts-de-France,32,0.14
2025-05-19,Hauts-de-France,32,0.37
2025-05-26,Hauts-de-France,32,0.17
2025-06-02,Hauts-de-France,32,0.47
2025-06-09,Hauts-de-France,32,0.3
2025-06-16,Hauts-de-France,32,0.22
2025-06-23,Hauts-de-France,32,0.23
2025-06-30,Hauts-de-France,32,0.3
2025-07-07,Hauts-de-France,32,0.22
2025-07-14,Hauts-de-France,32,0.09
2025-07-21,Hauts-de-France,32,0.33
2025-07-28,Hauts-de-France,32,0.18
2025-08-04,Hauts-de-France,32,0.29
2025-08-11,Hauts-de-France,32,0.39
2025-08-18,Hauts-de-France,32,0.41
2025-08-25,Hauts-de-France,32,0.43
2025-09-01,Hauts-de-France,32,0.31
2025-09-08,Hauts-de-France,32,0.52
2025-09-15,Hauts-de-France,32,0.46
2025-09-22,Hauts-de-France,32,0.43
2025-09-29,Hauts-de-France,32,0.41
2025-10-06,Hauts-de-France,32,0.32
2025-10-13,Hauts-de-France,32,0.7
2025-10-20,Hauts-de-France,32,0.52
2023-10-23,Grand Est,44,0.62
2023-10-30,Grand Est,44,0.63
2023-11-06,Grand Est,44,0.69
2023-11-13,Grand Est,44,0.74
2023-11-20,Grand Est,44,0.71
2023-11-27,Grand Est,44,0.82
2023-12-04,Grand Est,44,0.64
2023-12-11,Grand Est,44,0.78
2023-12-18,Grand Est,44,0.8
2023-12-25,Grand Est,44,0.86
2024-01-01,Grand Est,44,0.83
2024-01-08,Grand Est,44,0.81
2024-01-15,Grand Est,44,0.92
2024-01-22,Grand Est,44,0.73
2024-01-29,Grand Est,44,0.81
2024-02-05,Grand Est,44,0.77
2024-02-12,Grand Est,44,0.75
2024-02-19,Grand Est,44,0.83
2024-02-26,Grand Est,44,0.49
2024-03-04,Grand Est,44,0.61
2024-03-11,Grand Est,44,0.73
2024-03-18,Grand Est,44,0.55
2024-03-25,Grand Est,44,0.48
2024-04-01,Grand Est,44,0.61
2024-04-08,Grand Est,44,0.47
2024-04-15,Grand Est,44,0.36
2024-04-22,Grand Est,44,0.41
2024-04-29,Grand Est,44,0.38
2024-05-06,Grand Est,44,0.39
2024-05-13,Grand Est,44,0.2
2024-05-20,Grand Est,44,0.39
2024-05-27,Grand Est,44,0.13
2024-06-03,Grand Est,44,0.34
2024-06-10,Grand Est,44,0.0
2024-06-17,Grand Est,44,0.23
2024-06-24,Grand Est,44,0.16
2024-07-01,Grand Est,44,0.21
2024-07-08,Grand Est,44,0.11
2024-07-15,Grand Est,44,0.4
2024-07-22,Grand Est,44,0.09
2024-07-29,Grand Est,44,0.25
2024-08-05,Grand Est,44,0.45
2024-08-12,Grand Est,44,0.29
2024-08-19,Grand Est,44,0.28
2024-08-26,Grand Est,44,0.39
2024-09-02,Grand Est,44,0.43
2024-09-09,Grand Est,44,0.45
2024-09-16,Grand Est,44,0.38
2024-09-23,Grand Est,44,0.51
2024-09-30,Grand Est,44,0.57
2024-10-07,Grand Est,44,0.54
2024-10-14,Grand Est,44,0.59
2024-10-21,Grand Est,44,0.3
2024-10-28,Grand Est,44,0.78
2024-11-04,Grand Est,44,0.67
2024-11-11,Grand Est,44,0.73
2024-11-18,Grand Est,44,0.54
2024-11-25,Grand Est,44,0.74
2024-12-02,Grand Est,44,0.82
2024-12-09,Grand Est,44,0.77
2024-12-16,Grand Est,44,0.81
2024-12-23,Grand Est,44,0.72
2024-12-30,Grand Est,44,0.83
2025-01-06,Grand Est,44,0.78
2025-01-13,Grand Est,44,0.81
2025-01-20,Grand Est,44,0.68
2025-01-27,Grand Est,44,0.72
2025-02-03,Grand Est,44,0.6
2025-02-10,Grand Est,44,0.73
2025-02-17,Grand Est,44,0.62
2025-02-24,Grand Est,44,0.83
2025-03-03,Grand Est,44,0.65
2025-03-10,Grand Est,44,0.7
2025-03-17,Grand Est,44,0.43
2025-03-24,Grand Est,44,0.54
2025-03-31,Grand Est,44,0.59
2025-04-07,Grand Est,44,0.44
2025-04-14,Grand Est,44,0.36
2025-04-21,Grand Est,44,0.45
2025-04-28,Grand Est,44,0.35
2025-05-05,Grand Est,44,0.09
2025-05-12,Grand Est,44,0.44
2025-05-19,Grand Est,44,0.42
2025-05-26,Grand Est,44,0.3
2025-06-02,Grand Est,44,0.14
2025-06-09,Grand Est,44,0.42
2025-06-16,Grand Est,44,0.36
2025-06-23,Grand Est,44,0.04
2025-06-30,Grand Est,44,0.05
2025-07-07,Grand Est,44,0.16
2025-07-14,Grand Est,44,0.29
2025-07-21,Grand Est,44,0.15
2025-07-28,Grand Est,44,0.38
2025-08-04,Grand Est,44,0.07
2025-08-11,Grand Est,44,0.44
2025-08-18,Grand Est,44,0.36
2025-08-25,Grand Est,44,0.35
2025-09-01,Grand Est,44,0.27
2025-09-08,Grand Est,44,0.55
2025-09-15,Grand Est,44,0.58
2025-09-22,Grand Est,44,0.54
2025-09-29,Grand Est,44,0.37
2025-10-06,Grand Est,44,0.54
2025-10-13,Grand Est,44,0.62
2025-10-20,Grand Est,44,0.61
2023-10-23,Pays de la Loire,52,0.71
2023-10-30,Pays de la Loire,52,0.69
2023-11-06,Pays de la Loire,52,0.67
2023-11-13,Pays de la Loire,52,0.63
2023-11-20,Pays de la Loire,52,0.84
2023-11-27,Pays de la Loire,52,0.9
2023-12-04,Pays de la Loire,52,0.75
2023-12-11,Pays de la Loire,52,0.84
2023-12-18,Pays de la Loire,52,0.72
2023-12-25,Pays de la Loire,52,0.7
2024-01-01,Pays de la Loire,52,1.02
2024-01-08,Pays de la Loire,52,0.76
2024-01-15,Pays de la Loire,52,0.78
2024-01-22,Pays de la Loire,52,0.74
2024-01-29,Pays de la Loire,52,0.94
2024-02-05,Pays de la Loire,52,0.71
2024-02-12,Pays de la Loire,52,0.74
2024-02-19,Pays de la Loire,52,0.79
2024-02-26,Pays de la Loire,52,0.69
2024-03-04,Pays de la Loire,52,0.7
2024-03-11,Pays de la Loire,52,0.53
2024-03-18,Pays de la Loire,52,0.46
2024-03-25,Pays de la Loire,52,0.68
2024-04-01,Pays de la Loire,52,0.53
2024-04-08,Pays de la Loire,52,0.48
2024-04-15,Pays de la Loire,52,0.41
2024-04-22,Pays de la Loire,52,0.4
2024-04-29,Pays de la Loire,52,0.35
2024-05-06,Pays de la Loire,52,0.34
2024-05-13,Pays de la Loire,52,0.52
2024-05-20,Pays de la Loire,52,0.32
2024-05-27,Pays de la Loire,52,0.26
2024-06-03,Pays de la Loire,52,0.07
2024-06-10,Pays de la Loire,52,0.28
2024-06-17,Pays de la Loire,52,0.27
2024-06-24,Pays de la Loire,52,0.21
2024-07-01,Pays de la Loire,52,0.23
2024-07-08,Pays de la Loire,52,0.15
2024-07-15,Pays de la Loire,52,0.2
2024-07-22,Pays de la Loire,52,0.22
2024-07-29,Pays de la Loire,52,0.26
2024-08-05,Pays de la Loire,52,0.31
2024-08-12,Pays de la Loire,52,0.3
2024-08-19,Pays de la Loire,52,0.23
2024-08-26,Pays de la Loire,52,0.2
2024-09-02,Pays de la Loire,52,0.25
2024-09-09,Pays de la Loire,52,0.46
2024-09-16,Pays de la Loire,52,0.61
2024-09-23,Pays de la Loire,52,0.52
2024-09-30,Pays de la Loire,52,0.69
2024-10-07,Pays de la Loire,52,0.53
2024-10-14,Pays de la Loire,52,0.49
2024-10-21,Pays de la Loire,52,0.61
2024-10-28,Pays de la Loire,52,0.66
2024-11-04,Pays de la Loire,52,0.72
2024-11-11,Pays de la Loire,52,0.74
2024-11-18,Pays de la Loire,52,0.65
2024-11-25,Pays de la Loire,52,0.78
2024-12-02,Pays de la Loire,52,0.7
2024-12-09,Pays de la Loire,52,0.93
2024-12-16,Pays de la Loire,52,0.72
2024-12-23,Pays de la Loire,52,0.72
2024-12-30,Pays de la Loire,52,0.85
2025-01-06,Pays de la Loire,52,0.88
2025-01-13,Pays de la Loire,52,0.85
2025-01-20,Pays de la Loire,52,0.84
2025-01-27,Pays de la Loire,52,0.89
2025-02-03,Pays de la Loire,52,0.76
2025-02-10,Pays de la Loire,52,0.82
2025-02-17,Pays de la Loire,52,0.71
2025-02-24,Pays de la Loire,52,0.68
2025-03-03,Pays de la Loire,52,0.45
2025-03-10,Pays de la Loire,52,0.55
2025-03-17,Pays de la Loire,52,0.55
2025-03-24,Pays de la Loire,52,0.61
2025-03-31,Pays de la Loire,52,0.4
2025-04-07,Pays de la Loire,52,0.51
2025-04-14,Pays de la Loire,52,0.4
2025-04-21,Pays de la Loire,52,0.44
2025-04-28,Pays de la Loire,52,0.35
2025-05-05,Pays de la Loire,52,0.39
2025-05-12,Pays de la Loire,52,0.43
2025-05-19,Pays de la Loire,52,0.33
2025-05-26,Pays de la Loire,52,0.29
2025-06-02,Pays de la Loire,52,0.33
2025-06-09,Pays de la Loire,52,0.21
2025-06-16,Pays de la Loire,52,0.19
2025-06-23,Pays de la Loire,52,0.21
2025-06-30,Pays de la Loire,52,0.06
2025-07-07,Pays de la Loire,52,0.15
2025-07-14,Pays de la Loire,52,0.08
2025-07-21,Pays de la Loire,52,0.39
2025-07-28,Pays de la Loire,52,0.17
2025-08-04,Pays de la Loire,52,0.17
2025-08-11,Pays de la Loire,52,0.3
2025-08-18,Pays de la Loire,52,0.44
2025-08-25,Pays de la Loire,52,0.2
2025-09-01,Pays de la Loire,52,0.45
2025-09-08,Pays de la Loire,52,0.4
2025-09-15,Pays de la Loire,52,0.39
2025-09-22,Pays de la Loire,52,0.56
2025-09-29,Pays de la Loire,52,0.58
2025-10-06,Pays de la Loire,52,0.61
2025-10-13,Pays de la Loire,52,0.6
2025-10-20,Pays de la Loire,52,0.57
2023-10-23,Bretagne,53,0.44
2023-10-30,Bretagne,53,0.65
2023-11-06,Bretagne,53,0.76
2023-11-13,Bretagne,53,0.83
2023-11-20,Bretagne,53,0.7
2023-11-27,Bretagne,53,0.59
2023-12-04,Bretagne,53,0.89
2023-12-11,Bretagne,53,0.78
2023-12-18,Bretagne,53,0.79
2023-12-25,Bretagne,53,0.65
2024-01-01,Bretagne,53,0.8
2024-01-08,Bretagne,53,0.65
2024-01-15,Bretagne,53,0.86
2024-01-22,Bretagne,53,0.73
2024-01-29,Bretagne,53,0.59
2024-02-05,Bretagne,53,0.76
2024-02-12,Bretagne,53,0.8
2024-02-19,Bretagne,53,0.54
2024-02-26,Bretagne,53,0.61
2024-03-04,Bretagne,53,0.49
2024-03-11,Bretagne,53,0.65
2024-03-18,Bretagne,53,0.62
2024-03-25,Bretagne,53,0.42
2024-04-01,Bretagne,53,0.47
2024-04-08,Bretagne,53,0.42
2024-04-15,Bretagne,53,0.59
2024-04-22,Bretagne,53,0.43
2024-04-29,Bretagne,53,0.34
2024-05-06,Bretagne,53,0.23
2024-05-13,Bretagne,53,0.3
2024-05-20,Bretagne,53,0.05
2024-05-27,Bretagne,53,0.11
2024-06-03,Bretagne,53,0.26
2024-06-10,Bretagne,53,0.03
2024-06-17,Bretagne,53,0.21
2024-06-24,Bretagne,53,0.28
2024-07-01,Bretagne,53,0.14
2024-07-08,Bretagne,53,0.17
2024-07-15,Bretagne,53,0.18
2024-07-22,Bretagne,53,0.15
2024-07-29,Bretagne,53,0.24
2024-08-05,Bretagne,53,0.37
2024-08-12,Bretagne,53,0.38
2024-08-19,Bretagne,53,0.33
2024-08-26,Bretagne,53,0.21
2024-09-02,Bretagne,53,0.34
2024-09-09,Bretagne,53,0.41
2024-09-16,Bretagne,53,0.47
2024-09-23,Bretagne,53,0.37
2024-09-30,Bretagne,53,0.52
2024-10-07,Bretagne,53,0.47
2024-10-14,Bretagne,53,0.56
2024-10-21,Bretagne,53,0.51
2024-10-28,Bretagne,53,0.57
2024-11-04,Bretagne,53,0.71
2024-11-11,Bretagne,53,0.57
2024-11-18,Bretagne,53,0.8
2024-11-25,Bretagne,53,0.85
2024-12-02,Bretagne,53,0.81
2024-12-09,Bretagne,53,0.77
2024-12-16,Bretagne,53,0.89
2024-12-23,Bretagne,53,0.88
2024-12-30,Bretagne,53,0.76
2025-01-06,Bretagne,53,0.91
2025-01-13,Bretagne,53,0.85
2025-01-20,Bretagne,53,0.77
2025-01-27,Bretagne,53,0.83
2025-02-03,Bretagne,53,0.69
2025-02-10,Bretagne,53,0.77
2025-02-17,Bretagne,53,0.59
2025-02-24,Bretagne,53,0.84
2025-03-03,Bretagne,53,0.41
2025-03-10,Bretagne,53,0.73
2025-03-17,Bretagne,53,0.5
2025-03-24,Bretagne,53,0.29
2025-03-31,Bretagne,53,0.5
2025-04-07,Bretagne,53,0.45
2025-04-14,Bretagne,53,0.33
2025-04-21,Bretagne,53,0.28
2025-04-28,Bretagne,53,0.34
2025-05-05,Bretagne,53,0.48
2025-05-12,Bretagne,53,0.3
2025-05-19,Bretagne,53,0.33
2025-05-26,Bretagne,53,0.27
2025-06-02,Bretagne,53,0.11
2025-06-09,Bretagne,53,0.3
2025-06-16,Bretagne,53,0.14
2025-06-23,Bretagne,53,0.21
2025-06-30,Bretagne,53,0.3
2025-07-07,Bretagne,53,0.25
2025-07-14,Bretagne,53,0.0
2025-07-21,Bretagne,53,0.1
2025-07-28,Bretagne,53,0.26
2025-08-04,Bretagne,53,0.26
2025-08-11,Bretagne,53,0.36
2025-08-18,Bretagne,53,0.28
2025-08-25,Bretagne,53,0.33
2025-09-01,Bretagne,53,0.46
2025-09-08,Bretagne,53,0.36
2025-09-15,Bretagne,53,0.45
2025-09-22,Bretagne,53,0.42
2025-09-29,Bretagne,53,0.51
2025-10-06,Bretagne,53,0.55
2025-10-13,Bretagne,53,0.61
2025-10-20,Bretagne,53,0.74
2023-10-23,Normandie,28,0.52
2023-10-30,Normandie,28,0.59
2023-11-06,Normandie,28,0.71
2023-11-13,Normandie,28,0.69
2023-11-20,Normandie,28,0.77
2023-11-27,Normandie,28,0.62
2023-12-04,Normandie,28,0.75
2023-12-11,Normandie,28,0.75
2023-12-18,Normandie,28,0.8
2023-12-25,Normandie,28,0.76
2024-01-01,Normandie,28,0.75
2024-01-08,Normandie,28,0.98
2024-01-15,Normandie,28,0.66
2024-01-22,Normandie,28,0.76
2024-01-29,Normandie,28,0.65
2024-02-05,Normandie,28,0.8
2024-02-12,Normandie,28,0.84
2024-02-19,Normandie,28,0.74
2024-02-26,Normandie,28,0.66
2024-03-04,Normandie,28,0.6
2024-03-11,Normandie,28,0.71
2024-03-18,Normandie,28,0.6
2024-03-25,Normandie,28,0.39
2024-04-01,Normandie,28,0.56
2024-04-08,Normandie,28,0.36
2024-04-15,Normandie,28,0.36
2024-04-22,Normandie,28,0.36
2024-04-29,Normandie,28,0.16
2024-05-06,Normandie,28,0.37
2024-05-13,Normandie,28,0.38
2024-05-20,Normandie,28,0.37
2024-05-27,Normandie,28,0.29
2024-06-03,Normandie,28,0.2
2024-06-10,Normandie,28,0.12
2024-06-17,Normandie,28,0.4
2024-06-24,Normandie,28,0.11
2024-07-01,Normandie,28,0.04
2024-07-08,Normandie,28,0.08
2024-07-15,Normandie,28,0.04
2024-07-22,Normandie,28,0.22
2024-07-29,Normandie,28,0.28
2024-08-05,Normandie,28,0.3
2024-08-12,Normandie,28,0.19
2024-08-19,Normandie,28,0.34
2024-08-26,Normandie,28,0.18
2024-09-02,Normandie,28,0.29
2024-09-09,Normandie,28,0.57
2024-09-16,Normandie,28,0.43
2024-09-23,Normandie,28,0.55
2024-09-30,Normandie,28,0.4
2024-10-07,Normandie,28,0.63
2024-10-14,Normandie,28,0.46
2024-10-21,Normandie,28,0.51
2024-10-28,Normandie,28,0.53
2024-11-04,Normandie,28,0.63
2024-11-11,Normandie,28,0.86
2024-11-18,Normandie,28,0.53
2024-11-25,Normandie,28,0.78
2024-12-02,Normandie,28,0.82
2024-12-09,Normandie,28,0.59
2024-12-16,Normandie,28,0.8
2024-12-23,Normandie,28,0.76
2024-12-30,Normandie,28,0.68
2025-01-06,Normandie,28,0.81
2025-01-13,Normandie,28,0.87
2025-01-20,Normandie,28,0.83
2025-01-27,Normandie,28,0.7
2025-02-03,Normandie,28,0.68
2025-02-10,Normandie,28,0.81
2025-02-17,Normandie,28,0.68
2025-02-24,Normandie,28,0.6
2025-03-03,Normandie,28,0.45
2025-03-10,Normandie,28,0.55
2025-03-17,Normandie,28,0.42
2025-03-24,Normandie,28,0.51
2025-03-31,Normandie,28,0.24
2025-04-07,Normandie,28,0.39
2025-04-14,Normandie,28,0.36
2025-04-21,Normandie,28,0.38
2025-04-28,Normandie,28,0.56
2025-05-05,Normandie,28,0.37
2025-05-12,Normandie,28,0.35
2025-05-19,Normandie,28,0.32
2025-05-26,Normandie,28,0.37
2025-06-02,Normandie,28,0.35
2025-06-09,Normandie,28,0.31
2025-06-16,Normandie,28,0.22
2025-06-23,Normandie,28,0.08
2025-06-30,Normandie,28,0.2
2025-07-07,Normandie,28,0.27
2025-07-14,Normandie,28,0.14
2025-07-21,Normandie,28,0.21
2025-07-28,Normandie,28,0.29
2025-08-04,Normandie,28,0.08
2025-08-11,Normandie,28,0.29
2025-08-18,Normandie,28,0.56
2025-08-25,Normandie,28,0.27
2025-09-01,Normandie,28,0.47
2025-09-08,Normandie,28,0.5
2025-09-15,Normandie,28,0.67
2025-09-22,Normandie,28,0.33
2025-09-29,Normandie,28,0.47
2025-10-06,Normandie,28,0.61
2025-10-13,Normandie,28,0.57
2025-10-20,Normandie,28,0.54
2023-10-23,Centre-Val de Loire,24,0.61
2023-10-30,Centre-Val de Loire,24,0.76
2023-11-06,Centre-Val de Loire,24,0.66
2023-11-13,Centre-Val de Loire,24,0.73
2023-11-20,Centre-Val de Loire,24,0.63
2023-11-27,Centre-Val de Loire,24,0.61
2023-12-04,Centre-Val de Loire,24,0.88
2023-12-11,Centre-Val de Loire,24,0.79
2023-12-18,Centre-Val de Loire,24,0.62
2023-12-25,Centre-Val de Loire,24,0.64
2024-01-01,Centre-Val de Loire,24,0.71
2024-01-08,Centre-Val de Loire,24,0.82
2024-01-15,Centre-Val de Loire,24,0.75
2024-01-22,Centre-Val de Loire,24,0.89
2024-01-29,Centre-Val de Loire,24,0.78
2024-02-05,Centre-Val de Loire,24,0.8
2024-02-12,Centre-Val de Loire,24,0.8
2024-02-19,Centre-Val de Loire,24,0.64
2024-02-26,Centre-Val de Loire,24,0.73
2024-03-04,Centre-Val de Loire,24,0.58
2024-03-11,Centre-Val de Loire,24,0.46
2024-03-18,Centre-Val de Loire,24,0.46
2024-03-25,Centre-Val de Loire,24,0.52
2024-04-01,Centre-Val de Loire,24,0.53
2024-04-08,Centre-Val de Loire,24,0.25
2024-04-15,Centre-Val de Loire,24,0.37
2024-04-22,Centre-Val de Loire,24,0.48
2024-04-29,Centre-Val de Loire,24,0.11
2024-05-06,Centre-Val de Loire,24,0.09
2024-05-13,Centre-Val de Loire,24,0.24
2024-05-20,Centre-Val de Loire,24,0.21
2024-05-27,Centre-Val de Loire,24,0.37
2024-06-03,Centre-Val de Loire,24,0.24
2024-06-10,Centre-Val de Loire,24,0.24
2024-06-17,Centre-Val de Loire,24,0.22
2024-06-24,Centre-Val de Loire,24,0.22
2024-07-01,Centre-Val de Loire,24,0.17
2024-07-08,Centre-Val de Loire,24,0.18
2024-07-15,Centre-Val de Loire,24,0.41
2024-07-22,Centre-Val de Loire,24,0.23
2024-07-29,Centre-Val de Loire,24,0.36
2024-08-05,Centre-Val de Loire,24,0.03
2024-08-12,Centre-Val de Loire,24,0.14
2024-08-19,Centre-Val de Loire,24,0.38
2024-08-26,Centre-Val de Loire,24,0.32
2024-09-02,Centre-Val de Loire,24,0.36
2024-09-09,Centre-Val de Loire,24,0.58
2024-09-16,Centre-Val de Loire,24,0.35
2024-09-23,Centre-Val de Loire,24,0.48
2024-09-30,Centre-Val de Loire,24,0.35
2024-10-07,Centre-Val de Loire,24,0.51
2024-10-14,Centre-Val de Loire,24,0.53
2024-10-21,Centre-Val de Loire,24,0.58
2024-10-28,Centre-Val de Loire,24,0.67
2024-11-04,Centre-Val de Loire,24,0.64
2024-11-11,Centre-Val de Loire,24,0.59
2024-11-18,Centre-Val de Loire,24,0.72
2024-11-25,Centre-Val de Loire,24,0.66
2024-12-02,Centre-Val de Loire,24,0.95
2024-12-09,Centre-Val de Loire,24,0.68
2024-12-16,Centre-Val de Loire,24,0.72
2024-12-23,Centre-Val de Loire,24,0.63
2024-12-30,Centre-Val de Loire,24,0.83
2025-01-06,Centre-Val de Loire,24,0.91
2025-01-13,Centre-Val de Loire,24,0.81
2025-01-20,Centre-Val de Loire,24,0.68
2025-01-27,Centre-Val de Loire,24,0.71
2025-02-03,Centre-Val de Loire,24,0.76
2025-02-10,Centre-Val de Loire,24,0.82
2025-02-17,Centre-Val de Loire,24,0.85
2025-02-24,Centre-Val de Loire,24,0.67
2025-03-03,Centre-Val de Loire,24,0.59
2025-03-10,Centre-Val de Loire,24,0.63
2025-03-17,Centre-Val de Loire,24,0.5
2025-03-24,Centre-Val de Loire,24,0.56
2025-03-31,Centre-Val de Loire,24,0.66
2025-04-07,Centre-Val de Loire,24,0.24
2025-04-14,Centre-Val de Loire,24,0.36
2025-04-21,Centre-Val de Loire,24,0.44
2025-04-28,Centre-Val de Loire,24,0.33
2025-05-05,Centre-Val de Loire,24,0.38
2025-05-12,Centre-Val de Loire,24,0.21
2025-05-19,Centre-Val de Loire,24,0.21
2025-05-26,Centre-Val de Loire,24,0.21
2025-06-02,Centre-Val de Loire,24,0.15
2025-06-09,Centre-Val de Loire,24,0.44
2025-06-16,Centre-Val de Loire,24,0.16
2025-06-23,Centre-Val de Loire,24,0.24
2025-06-30,Centre-Val de Loire,24,0.27
2025-07-07,Centre-Val de Loire,24,0.13
2025-07-14,Centre-Val de Loire,24,0.22
2025-07-21,Centre-Val de Loire,24,0.21
2025-07-28,Centre-Val de Loire,24,0.22
2025-08-04,Centre-Val de Loire,24,0.15
2025-08-11,Centre-Val de Loire,24,0.4
2025-08-18,Centre-Val de Loire,24,0.12
2025-08-25,Centre-Val de Loire,24,0.26
2025-09-01,Centre-Val de Loire,24,0.27
2025-09-08,Centre-Val de Loire,24,0.33
2025-09-15,Centre-Val de Loire,24,0.41
2025-09-22,Centre-Val de Loire,24,0.47
2025-09-29,Centre-Val de Loire,24,0.64
2025-10-06,Centre-Val de Loire,24,0.53
2025-10-13,Centre-Val de Loire,24,0.47
2025-10-20,Centre-Val de Loire,24,0.56
2023-10-23,Bourgogne-Franche-Comté,27,0.7
2023-10-30,Bourgogne-Franche-Comté,27,0.72
2023-11-06,Bourgogne-Franche-Comté,27,0.65
2023-11-13,Bourgogne-Franche-Comté,27,0.75
2023-11-20,Bourgogne-Franche-Comté,27,0.8
2023-11-27,Bourgogne-Franche-Comté,27,0.75
2023-12-04,Bourgogne-Franche-Comté,27,0.77
2023-12-11,Bourgogne-Franche-Comté,27,0.73
2023-12-18,Bourgogne-Franche-Comté,27,0.66
2023-12-25,Bourgogne-Franche-Comté,27,0.6
2024-01-01,Bourgogne-Franche-Comté,27,0.84
2024-01-08,Bourgogne-Franche-Comté,27,0.74
2024-01-15,Bourgogne-Franche-Comté,27,0.7
2024-01-22,Bourgogne-Franche-Comté,27,0.69
2024-01-29,Bourgogne-Franche-Comté,27,0.85
2024-02-05,Bourgogne-Franche-Comté,27,0.77
2024-02-12,Bourgogne-Franche-Comté,27,0.81
2024-02-19,Bourgogne-Franche-Comté,27,0.75
2024-02-26,Bourgogne-Franche-Comté,27,0.61
2024-03-04,Bourgogne-Franche-Comté,27,0.6
2024-03-11,Bourgogne-Franche-Comté,27,0.64
2024-03-18,Bourgogne-Franche-Comté,27,0.44
2024-03-25,Bourgogne-Franche-Comté,27,0.7
2024-04-01,Bourgogne-Franche-Comté,27,0.52
2024-04-08,Bourgogne-Franche-Comté,27,0.38
2024-04-15,Bourgogne-Franche-Comté,27,0.44
2024-04-22,Bourgogne-Franche-Comté,27,0.41
2024-04-29,Bourgogne-Franche-Comté,27,0.53
2024-05-06,Bourgogne-Franche-Comté,27,0.31
2024-05-13,Bourgogne-Franche-Comté,27,0.35
2024-05-20,Bourgogne-Franche-Comté,27,0.22
2024-05-27,Bourgogne-Franche-Comté,27,0.25
2024-06-03,Bourgogne-Franche-Comté,27,0.41
2024-06-10,Bourgogne-Franche-Comté,27,0.24
2024-06-17,Bourgogne-Franche-Comté,27,0.11
2024-06-24,Bourgogne-Franche-Comté,27,0.18
2024-07-01,Bourgogne-Franche-Comté,27,0.09
2024-07-08,Bourgogne-Franche-Comté,27,0.14
2024-07-15,Bourgogne-Franche-Comté,27,0.16
2024-07-22,Bourgogne-Franche-Comté,27,0.33
2024-07-29,Bourgogne-Franche-Comté,27,0.27
2024-08-05,Bourgogne-Franche-Comté,27,0.31
2024-08-12,Bourgogne-Franche-Comté,27,0.34
2024-08-19,Bourgogne-Franche-Comté,27,0.22
2024-08-26,Bourgogne-Franche-Comté,27,0.33
2024-09-02,Bourgogne-Franche-Comté,27,0.2
2024-09-09,Bourgogne-Franche-Comté,27,0.43
2024-09-16,Bourgogne-Franche-Comté,27,0.49
2024-09-23,Bourgogne-Franche-Comté,27,0.59
2024-09-30,Bourgogne-Franche-Comté,27,0.47
2024-10-07,Bourgogne-Franche-Comté,27,0.46
2024-10-14,Bourgogne-Franche-Comté,27,0.66
2024-10-21,Bourgogne-Franche-Comté,27,0.56
2024-10-28,Bourgogne-Franche-Comté,27,0.44
2024-11-04,Bourgogne-Franche-Comté,27,0.6
2024-11-11,Bourgogne-Franche-Comté,27,0.66
2024-11-18,Bourgogne-Franche-Comté,27,0.78
2024-11-25,Bourgogne-Franche-Comté,27,0.74
2024-12-02,Bourgogne-Franche-Comté,27,0.7
2024-12-09,Bourgogne-Franche-Comté,27,0.79
2024-12-16,Bourgogne-Franche-Comté,27,0.74
2024-12-23,Bourgogne-Franche-Comté,27,0.88
2024-12-30,Bourgogne-Franche-Comté,27,0.8
2025-01-06,Bourgogne-Franche-Comté,27,0.86
2025-01-13,Bourgogne-Franche-Comté,27,0.64
2025-01-20,Bourgogne-Franche-Comté,27,0.74
2025-01-27,Bourgogne-Franche-Comté,27,0.81
2025-02-03,Bourgogne-Franche-Comté,27,0.72
2025-02-10,Bourgogne-Franche-Comté,27,0.79
2025-02-17,Bourgogne-Franche-Comté,27,0.83
2025-02-24,Bourgogne-Franche-Comté,27,0.75
2025-03-03,Bourgogne-Franche-Comté,27,0.51
2025-03-10,Bourgogne-Franche-Comté,27,0.51
2025-03-17,Bourgogne-Franche-Comté,27,0.56
2025-03-24,Bourgogne-Franche-Comté,27,0.63
2025-03-31,Bourgogne-Franche-Comté,27,0.5
2025-04-07,Bourgogne-Franche-Comté,27,0.64
2025-04-14,Bourgogne-Franche-Comté,27,0.49
2025-04-21,Bourgogne-Franche-Comté,27,0.36
2025-04-28,Bourgogne-Franche-Comté,27,0.41
2025-05-05,Bourgogne-Franche-Comté,27,0.3
2025-05-12,Bourgogne-Franche-Comté,27,0.37
2025-05-19,Bourgogne-Franche-Comté,27,0.37
2025-05-26,Bourgogne-Franche-Comté,27,0.45
2025-06-02,Bourgogne-Franche-Comté,27,0.06
2025-06-09,Bourgogne-Franche-Comté,27,0.22
2025-06-16,Bourgogne-Franche-Comté,27,0.14
2025-06-23,Bourgogne-Franche-Comté,27,0.27
2025-06-30,Bourgogne-Franche-Comté,27,0.11
2025-07-07,Bourgogne-Franche-Comté,27,0.08
2025-07-14,Bourgogne-Franche-Comté,27,0.28
2025-07-21,Bourgogne-Franche-Comté,27,0.16
2025-07-28,Bourgogne-Franche-Comté,27,0.22
2025-08-04,Bourgogne-Franche-Comté,27,0.32
2025-08-11,Bourgogne-Franche-Comté,27,0.27
2025-08-18,Bourgogne-Franche-Comté,27,0.42
2025-08-25,Bourgogne-Franche-Comté,27,0.29
2025-09-01,Bourgogne-Franche-Comté,27,0.33
2025-09-08,Bourgogne-Franche-Comté,27,0.44
2025-09-15,Bourgogne-Franche-Comté,27,0.48
2025-09-22,Bourgogne-Franche-Comté,27,0.51
2025-09-29,Bourgogne-Franche-Comté,27,0.52
2025-10-06,Bourgogne-Franche-Comté,27,0.61
2025-10-13,Bourgogne-Franche-Comté,27,0.57
2025-10-20,Bourgogne-Franche-Comté,27,0.58
2023-10-23,Provence-Alpes-Côte d'Azur,93,0.57
2023-10-30,Provence-Alpes-Côte d'Azur,93,0.61
2023-11-06,Provence-Alpes-Côte d'Azur,93,0.77
2023-11-13,Provence-Alpes-Côte d'Azur,93,0.77
2023-11-20,Provence-Alpes-Côte d'Azur,93,0.73
2023-11-27,Provence-Alpes-Côte d'Azur,93,0.6
2023-12-04,Provence-Alpes-Côte d'Azur,93,0.73
2023-12-11,Provence-Alpes-Côte d'Azur,93,0.66
2023-12-18,Provence-Alpes-Côte d'Azur,93,0.85
2023-12-25,Provence-Alpes-Côte d'Azur,93,0.8
2024-01-01,Provence-Alpes-Côte d'Azur,93,0.91
2024-01-08,Provence-Alpes-Côte d'Azur,93,0.67
2024-01-15,Provence-Alpes-Côte d'Azur,93,0.66
2024-01-22,Provence-Alpes-Côte d'Azur,93,0.93
2024-01-29,Provence-Alpes-Côte d'Azur,93,0.89
2024-02-05,Provence-Alpes-Côte d'Azur,93,0.61
2024-02-12,Provence-Alpes-Côte d'Azur,93,0.71
2024-02-19,Provence-Alpes-Côte d'Azur,93,0.76
2024-02-26,Provence-Alpes-Côte d'Azur,93,0.68
2024-03-04,Provence-Alpes-Côte d'Azur,93,0.57
2024-03-11,Provence-Alpes-Côte d'Azur,93,0.62
2024-03-18,Provence-Alpes-Côte d'Azur,93,0.47
2024-03-25,Provence-Alpes-Côte d'Azur,93,0.54
2024-04-01,Provence-Alpes-Côte d'Azur,93,0.67
2024-04-08,Provence-Alpes-Côte d'Azur,93,0.48
2024-04-15,Provence-Alpes-Côte d'Azur,93,0.36
2024-04-22,Provence-Alpes-Côte d'Azur,93,0.38
2024-04-29,Provence-Alpes-Côte d'Azur,93,0.45
2024-05-06,Provence-Alpes-Côte d'Azur,93,0.25
2024-05-13,Provence-Alpes-Côte d'Azur,93,0.4
2024-05-20,Provence-Alpes-Côte d'Azur,93,0.13
2024-05-27,Provence-Alpes-Côte d'Azur,93,0.22
2024-06-03,Provence-Alpes-Côte d'Azur,93,0.21
2024-06-10,Provence-Alpes-Côte d'Azur,93,0.29
2024-06-17,Provence-Alpes-Côte d'Azur,93,0.26
2024-06-24,Provence-Alpes-Côte d'Azur,93,0.16
2024-07-01,Provence-Alpes-Côte d'Azur,93,0.08
2024-07-08,Provence-Alpes-Côte d'Azur,93,0.05
2024-07-15,Provence-Alpes-Côte d'Azur,93,0.25
2024-07-22,Provence-Alpes-Côte d'Azur,93,0.36
2024-07-29,Provence-Alpes-Côte d'Azur,93,0.26
2024-08-05,Provence-Alpes-Côte d'Azur,93,0.24
2024-08-12,Provence-Alpes-Côte d'Azur,93,0.47
2024-08-19,Provence-Alpes-Côte d'Azur,93,0.3
2024-08-26,Provence-Alpes-Côte d'Azur,93,0.35
2024-09-02,Provence-Alpes-Côte d'Azur,93,0.44
2024-09-09,Provence-Alpes-Côte d'Azur,93,0.25
2024-09-16,Provence-Alpes-Côte d'Azur,93,0.45
2024-09-23,Provence-Alpes-Côte d'Azur,93,0.41
2024-09-30,Provence-Alpes-Côte d'Azur,93,0.54
2024-10-07,Provence-Alpes-Côte d'Azur,93,0.48
2024-10-14,Provence-Alpes-Côte d'Azur,93,0.53
2024-10-21,Provence-Alpes-Côte d'Azur,93,0.6
2024-10-28,Provence-Alpes-Côte d'Azur,93,0.67
2024-11-04,Provence-Alpes-Côte d'Azur,93,0.56
2024-11-11,Provence-Alpes-Côte d'Azur,93,0.57
2024-11-18,Provence-Alpes-Côte d'Azur,93,0.74
2024-11-25,Provence-Alpes-Côte d'Azur,93,0.88
2024-12-02,Provence-Alpes-Côte d'Azur,93,0.68
2024-12-09,Provence-Alpes-Côte d'Azur,93,0.61
2024-12-16,Provence-Alpes-Côte d'Azur,93,0.69
2024-12-23,Provence-Alpes-Côte d'Azur,93,0.84
2024-12-30,Provence-Alpes-Côte d'Azur,93,0.82
2025-01-06,Provence-Alpes-Côte d'Azur,93,0.75
2025-01-13,Provence-Alpes-Côte d'Azur,93,0.87
2025-01-20,Provence-Alpes-Côte d'Azur,93,0.9
2025-01-27,Provence-Alpes-Côte d'Azur,93,0.93
2025-02-03,Provence-Alpes-Côte d'Azur,93,0.93
2025-02-10,Provence-Alpes-Côte d'Azur,93,0.76
2025-02-17,Provence-Alpes-Côte d'Azur,93,0.68
2025-02-24,Provence-Alpes-Côte d'Azur,93,0.86
2025-03-03,Provence-Alpes-Côte d'Azur,93,0.67
2025-03-10,Provence-Alpes-Côte d'Azur,93,0.76
2025-03-17,Provence-Alpes-Côte d'Azur,93,0.63
2025-03-24,Provence-Alpes-Côte d'Azur,93,0.59
2025-03-31,Provence-Alpes-Côte d'Azur,93,0.51
2025-04-07,Provence-Alpes-Côte d'Azur,93,0.41
2025-04-14,Provence-Alpes-Côte d'Azur,93,0.7
2025-04-21,Provence-Alpes-Côte d'Azur,93,0.47
2025-04-28,Provence-Alpes-Côte d'Azur,93,0.25
2025-05-05,Provence-Alpes-Côte d'Azur,93,0.42
2025-05-12,Provence-Alpes-Côte d'Azur,93,0.42
2025-05-19,Provence-Alpes-Côte d'Azur,93,0.35
2025-05-26,Provence-Alpes-Côte d'Azur,93,0.2
2025-06-02,Provence-Alpes-Côte d'Azur,93,0.37
2025-06-09,Provence-Alpes-Côte d'Azur,93,0.5
2025-06-16,Provence-Alpes-Côte d'Azur,93,0.17
2025-06-23,Provence-Alpes-Côte d'Azur,93,0.02
2025-06-30,Provence-Alpes-Côte d'Azur,93,0.23
2025-07-07,Provence-Alpes-Côte d'Azur,93,0.31
2025-07-14,Provence-Alpes-Côte d'Azur,93,0.25
2025-07-21,Provence-Alpes-Côte d'Azur,93,0.24
2025-07-28,Provence-Alpes-Côte d'Azur,93,0.24
2025-08-04,Provence-Alpes-Côte d'Azur,93,0.26
2025-08-11,Provence-Alpes-Côte d'Azur,93,0.23
2025-08-18,Provence-Alpes-Côte d'Azur,93,0.11
2025-08-25,Provence-Alpes-Côte d'Azur,93,0.5
2025-09-01,Provence-Alpes-Côte d'Azur,93,0.47
2025-09-08,Provence-Alpes-Côte d'Azur,93,0.37
2025-09-15,Provence-Alpes-Côte d'Azur,93,0.39
2025-09-22,Provence-Alpes-Côte d'Azur,93,0.66
2025-09-29,Provence-Alpes-Côte d'Azur,93,0.59
2025-10-06,Provence-Alpes-Côte d'Azur,93,0.64
2025-10-13,Provence-Alpes-Côte d'Azur,93,0.47
2025-10-20,Provence-Alpes-Côte d'Azur,93,0.74
2023-10-23,Corse,94,0.72
2023-10-30,Corse,94,0.58
2023-11-06,Corse,94,0.57
2023-11-13,Corse,94,0.55
2023-11-20,Corse,94,0.68
2023-11-27,Corse,94,0.7
2023-12-04,Corse,94,0.74
2023-12-11,Corse,94,0.88
2023-12-18,Corse,94,0.86
2023-12-25,Corse,94,0.8
2024-01-01,Corse,94,0.79
2024-01-08,Corse,94,0.71
2024-01-15,Corse,94,0.7
2024-01-22,Corse,94,0.91
2024-01-29,Corse,94,0.64
2024-02-05,Corse,94,0.66
2024-02-12,Corse,94,0.81
2024-02-19,Corse,94,0.78
2024-02-26,Corse,94,0.53
2024-03-04,Corse,94,0.71
2024-03-11,Corse,94,0.56
2024-03-18,Corse,94,0.43
2024-03-25,Corse,94,0.43
2024-04-01,Corse,94,0.42
2024-04-08,Corse,94,0.52
2024-04-15,Corse,94,0.2
2024-04-22,Corse,94,0.42
2024-04-29,Corse,94,0.42
2024-05-06,Corse,94,0.41
2024-05-13,Corse,94,0.13
2024-05-20,Corse,94,0.17
2024-05-27,Corse,94,0.32
2024-06-03,Corse,94,0.22
2024-06-10,Corse,94,0.3
2024-06-17,Corse,94,0.06
2024-06-24,Corse,94,0.16
2024-07-01,Corse,94,0.21
2024-07-08,Corse,94,0.23
2024-07-15,Corse,94,0.19
2024-07-22,Corse,94,0.33
2024-07-29,Corse,94,0.25
2024-08-05,Corse,94,0.44
2024-08-12,Corse,94,0.35
2024-08-19,Corse,94,0.23
2024-08-26,Corse,94,0.25
2024-09-02,Corse,94,0.13
2024-09-09,Corse,94,0.31
2024-09-16,Corse,94,0.37
2024-09-23,Corse,94,0.45
2024-09-30,Corse,94,0.54
2024-10-07,Corse,94,0.67
2024-10-14,Corse,94,0.58
2024-10-21,Corse,94,0.73
2024-10-28,Corse,94,0.66
2024-11-04,Corse,94,0.57
2024-11-11,Corse,94,0.68
2024-11-18,Corse,94,0.66
2024-11-25,Corse,94,0.65
2024-12-02,Corse,94,0.75
2024-12-09,Corse,94,0.87
2024-12-16,Corse,94,0.94
2024-12-23,Corse,94,0.71
2024-12-30,Corse,94,0.71
2025-01-06,Corse,94,0.79
2025-01-13,Corse,94,0.75
2025-01-20,Corse,94,0.79
2025-01-27,Corse,94,0.87
2025-02-03,Corse,94,0.69
2025-02-10,Corse,94,0.84
2025-02-17,Corse,94,0.76
2025-02-24,Corse,94,0.72
2025-03-03,Corse,94,0.56
2025-03-10,Corse,94,0.62
2025-03-17,Corse,94,0.6
2025-03-24,Corse,94,0.61
2025-03-31,Corse,94,0.29
2025-04-07,Corse,94,0.55
2025-04-14,Corse,94,0.52
2025-04-21,Corse,94,0.35
2025-04-28,Corse,94,0.23
2025-05-05,Corse,94,0.37
2025-05-12,Corse,94,0.39
2025-05-19,Corse,94,0.27
2025-05-26,Corse,94,0.2
2025-06-02,Corse,94,0.36
2025-06-09,Corse,94,0.23
2025-06-16,Corse,94,0.42
2025-06-23,Corse,94,0.16
2025-06-30,Corse,94,0.01
2025-07-07,Corse,94,0.36
2025-07-14,Corse,94,0.06
2025-07-21,Corse,94,0.42
2025-07-28,Corse,94,0.25
2025-08-04,Corse,94,0.16
2025-08-11,Corse,94,0.39
2025-08-18,Corse,94,0.37
2025-08-25,Corse,94,0.26
2025-09-01,Corse,94,0.35
2025-09-08,Corse,94,0.48
2025-09-15,Corse,94,0.53
2025-09-22,Corse,94,0.57
2025-09-29,Corse,94,0.48
2025-10-06,Corse,94,0.4
2025-10-13,Corse,94,0.64
2025-10-20,Corse,94,0.47
